경기날짜,한화,SK,KT,롯데,삼성,엘지,기아,키움,두산,넥센
5월,0.2421185372005044,0.24293059125964012,0.30649038461538464,0.2546816479400749,0.2512690355329949,0.2936708860759494,0.27598566308243727,0.26811594202898553,0.29854368932038833,0.29606879606879605
6월,0.23875,0.23458282950423218,0.27241379310344827,0.28553770086526575,0.2673733804475854,0.28390804597701147,0.2658788774002954,0.2665094339622642,0.29021372328458944,0.29043683589138136
7월,0.23801065719360567,0.2539130434782609,0.2964912280701754,0.28597122302158273,0.31785714285714284,0.25045372050816694,0.2864493996569468,0.28130360205831906,0.3269230769230769,0.28125
